state,total_pop,men,women,hispanic_prcnt,hispanic_count,white_prcnt,white_count,black_prcnt,black_count,native_prcnt,native_count,asian_prcnt,asian_count,pacific_prcnt,pacific_count,citizen,poverty_prcnt, poverty_count,childpoverty_prcnt,childpoverty_count,professional_prcnt,professional_count,service_prcnt,service_count,office_prcnt,office_count,construction_prcnt,construction_count,production_prcnt,production_count,drive_prcnt,drive_count,carpool_prcnt,carpool_count,transit_prcnt,transit_count,walk_prcnt,walk_count,othertrans_prcnt,othertrans_count,employed,privatework_prcnt,privatework_count,workathome_prcnt,workathome_count,meancommute,public_prcnt,public_count,selfemploy_prcnt,selfemploy_count,unemploy_prcnt,unemploy_count,familywork_prcnt,familywork_count
Alabama,4830620,2341093,2489527,3.999311827,193191.557,66.34114184,3204688.466,26.30282283,1270589.42,0.456165627,22035.628,1.228718094,59354.702,0.022674481,1095.318,3620994,18.84880814,910514.296,27.2948536,1318510.657,32.76891703,1582941.86,16.81237775,812142.082,24.04106649,1161332.566,10.0605921,485988.974,16.31214062,787977.527,85.42353685,4126486.456,9.245189727,446599.984,0.407581284,19688.703,1.1213337,54167.37,1.04154446,50313.055,2022325,78.22372035,3778690.68,2.743343898,132520.519,25.92985075,16.31337932,788037.364,5.279787419,255046.467,9.408100782,454469.598,0.187899773,9076.724
Alaska,733375,384160,349215,6.527631975,47872.021,62.37639216,457452.866,3.221663678,23626.876,13.41634825,98392.144,5.772952991,42337.394,1.179332811,8648.932,523946,10.17569211,74625.982,13.58529402,99631.15,36.10530656,264787.292,17.56788778,128838.497,22.74032139,166771.832,12.66991825,92918.013,10.93125032,80167.057,66.86735817,490388.488,12.56573172,92153.935,1.569593728,11511.008,8.241294699,60439.595,6.143167138,45052.452,351108,67.9354299,498221.459,4.622103017,33897.348,11.22758621,25.58547783,187637.498,6.296243668,46175.077,8.446447861,61944.137,0.18537024,1359.459
Arizona,6641928,3299088,3342840,30.33852314,2015062.863,56.48865314,3751935.67,3.959995291,263020.036,4.002505071,265843.505,2.917962676,193808.98,0.174525725,11591.873,4526594,18.22300151,1210358.64,25.96379431,1724496.524,34.74394673,2307667.926,20.11282013,1335879.032,26.12262754,1735046.113,9.370591175,622387.919,9.719179732,645540.92,76.52867327,5082979.378,11.10076889,737305.077,2.036389344,135255.514,2.105628396,139854.322,2.724845421,180982.271,2813406,78.76669252,5231627.005,5.524897003,366959.681,21.72,15.16241183,1007076.477,5.932035819,394001.548,9.092709722,603931.233,0.195909411,13012.162
Arkansas,2958208,1451913,1506295,6.870798842,203252.521,73.59632402,2177132.345,15.43641441,456641.246,0.56005406,16567.564,1.352032988,39995.948,0.22428122,6634.705,2164083,19.32114672,571559.708,27.76185116,821253.302,31.57453063,934040.291,17.18032501,508229.749,23.73403584,702102.147,10.86323906,321357.207,16.64877581,492505.418,82.46239659,2439409.213,10.87056181,321573.829,0.425380737,12583.647,1.774710805,52499.637,1.256410536,37167.237,1256081,76.99293386,2277611.129,3.189730776,94358.871,23.168,16.45503808,486774.253,6.359777845,188135.457,7.814722528,231175.747,0.194198042,5744.782
California,38421464,19087135,19334329,38.3809738,14746532.03,38.72503547,14878725.56,5.616551613,2157961.356,0.376622799,144703.993,13.51513162,5192711.429,0.346865663,133270.866,24280349,16.29426174,6260493.91,21.99727972,8451676.91,36.71275093,14105576.38,18.88048017,7254156.891,23.74572444,9123454.968,9.458108718,3633943.836,11.21751043,4309931.733,73.73619696,28330526.37,10.91267201,4192808.346,4.913541715,1887854.661,2.649466129,1017963.675,2.494317268,958353.211,17246360,77.52494218,29786217.75,5.275353802,2026868.162,24.96551724,14.04237988,5395287.932,8.274415379,3179151.526,10.00909406,3845640.47,0.200954339,77209.599
Colorado,5278906,2648667,2630239,21.07587496,1112575.628,69.06542869,3645899.059,3.843867896,202914.173,0.547285858,28890.706,2.857732,150856.986,0.115567184,6100.683,3750953,12.71354749,671136.221,16.80433938,887085.28,40.05653558,2114546.86,17.58882195,928497.377,23.84450882,1258729.207,9.506162546,501821.385,9.020645206,476191.381,75.44704571,3982778.623,9.591715897,506337.666,3.043118063,160643.342,2.956439573,156067.666,2.360321968,124599.178,2624436,79.20826006,4181329.593,6.604850077,348663.827,21.1703125,14.19201924,749183.355,6.419765232,338893.372,7.032040048,371214.784,0.195734059,10332.617
Connecticut,3593222,1751607,1841615,14.67364869,527256.773,69.22953669,2487570.943,9.657835864,347027.483,0.115310409,4143.359,4.154947732,149296.496,0,0,2574178,10.51374246,377782.107,14.30258768,513923.727,41.68496419,1497833.304,17.81105735,639990.831,23.53837008,845785.892,7.39224437,265619.751,9.600744012,344976.046,78.30221876,2813572.551,8.227782169,295642.479,4.877083075,175244.422,3.015348787,108348.176,1.167813288,41962.124,1781417,80.27112433,2884319.699,4.376932764,157272.911,25.4875,13.19044242,473961.879,6.306344445,226600.956,8.82201161,316994.462,0.168179172,6043.051
Delaware,926454,448413,478041,8.705993498,80657.025,63.86994314,591725.643,21.05731121,195086.302,0.295562003,2738.246,3.596742094,33322.161,0,0,681606,12.05273753,111663.069,17.57405408,162815.527,38.08116442,352804.471,18.58532005,172184.441,24.13430715,223593.254,8.61441982,79808.637,10.64411617,98612.84,81.13474765,751676.115,8.403599855,77855.487,2.972028293,27534.475,2.167844923,20084.086,1.134255128,10508.352,433816,81.19366067,752221.917,4.187524151,38795.485,25.53333333,14.68497076,136049.499,3.984775499,36917.112,7.717220499,71496.498,0.136593074,1265.472
District of Columbia,647484,306674,340810,10.2,66043.368,35.6,230504.304,48,310792.32,0.2,1294.968,3.6,23309.424,0,0,485116,18,116547.12,26.7,172878.228,60.9,394317.756,15.2,98417.568,17.4,112662.216,2.9,18777.036,3.7,23956.908,33.7,218202.108,5.7,36906.588,37.4,242159.016,12.9,83525.436,5.2,33669.168,337815,70,453238.8,5,32374.2,29.7,25.4,164460.936,4.4,28489.296,9.6,62158.464,0.1,647.484
Florida,19645772,9600009,10045763,23.73098312,4662134.837,56.0595532,11013332.01,15.44263917,3033825.682,0.210321956,41319.372,2.543774518,499744.142,0.039270195,7714.933,13933052,16.5641159,3254148.443,24.07742799,4730196.606,33.77585668,6635527.795,20.6505879,4056967.416,27.29688928,5362684.632,9.154330947,1798438.986,9.119582885,1791612.461,79.62243277,15642441.6,9.502783617,1866895.203,2.034543198,399701.718,1.449283189,284722.871,2.235513886,439183.961,8541291,81.3180439,15975557.5,5.124702007,1006787.272,25.94776119,12.60436021,2476223.868,5.918336144,1162702.825,9.735170254,1912549.352,0.155830735,30614.151
Georgia,10006693,4883331,5123362,9.139446059,914556.309,54.56741428,5460393.625,30.52231714,3054274.573,0.187397285,18752.271,3.581418646,358381.569,0.023997938,2401.4,6978660,18.476759,1848912.549,26.36027006,2637791.299,35.29117082,3531479.12,17.09761421,1710905.764,24.71130195,2472784.122,9.347104973,935336.099,13.53650168,1354556.166,79.7692165,7982260.604,10.37415423,1038109.765,1.981056589,198238.251,1.58855523,158961.845,1.593341227,159440.765,4388274,78.71225611,7876493.822,4.700645678,470379.182,25.44402516,15.57255001,1558297.272,5.527299468,553099.889,9.695397081,970188.621,0.172390689,17250.607
Hawaii,1406299,709871,696428,9.855651892,138599.934,22.92621263,322411.099,1.929651233,27136.666,0.132181634,1858.869,36.74750626,516779.813,9.081180034,127708.544,1001729,11.23296276,157969.043,15.20911634,213885.651,34.05982398,478982.964,22.720701,319520.991,24.79572289,348702.003,9.786642599,137629.457,8.637115578,121463.67,66.91372773,941007.084,14.04682809,197540.403,6.391151739,89878.703,4.488630725,63123.569,3.530258359,49645.988,653284,72.15678067,1014740.085,4.63806374,65225.044,21.24,20.65172257,290424.968,6.919122889,97303.556,6.078854568,85486.871,0.188774293,2654.731
Idaho,1616547,810464,806083,11.83905844,191383.944,83.04433085,1342450.639,0.577459734,9334.908,1.080599141,17468.393,1.285823363,20785.939,0.118027004,1907.962,1130550,15.473844,250141.961,19.01257557,307347.22,33.12980445,535558.86,18.02464017,291376.78,24.00912519,388118.793,12.13200303,196119.531,12.70771509,205426.187,77.90126554,1259310.571,10.07103085,162802.947,0.758967602,12269.068,3.027176878,48935.737,2.347484855,37948.196,715861,76.2152895,1232055.976,5.930069648,95862.363,21.23863636,15.83925732,256049.039,7.678502636,124126.604,7.230461038,116883.801,0.284152332,4593.456
Illinois,12873761,6316899,6556862,16.47375875,2120792.329,62.47698238,8043137.392,14.14664255,1821204.951,0.113667638,14633.3,4.973357475,640258.155,0.00224309,288.77,8979999,14.36435502,1849232.735,20.54378519,2644757.806,36.66203928,4719783.314,17.47367142,2249518.697,24.48629069,3152306.541,7.35506241,946873.156,14.02087923,1805014.482,73.43074548,9453298.673,8.526308233,1097656.544,9.084405396,1169504.639,3.109779613,400345.595,1.660253806,213737.107,6086226,82.69091716,10645431.04,4.187592911,539100.703,23.56176471,12.49048698,1607995.442,4.694293408,604332.114,9.067456705,1167322.705,0.137918748,17755.33
Indiana,6568645,3235263,3333382,6.41050381,421083.238,80.51108131,5288487.117,9.044748057,594117.391,0.183806767,12073.614,1.838947683,120793.945,0.018839243,1237.483,4801113,15.4099341,1012223.866,22.05692078,1448840.824,32.08303847,2107420.902,17.10528185,1123585.241,23.26748177,1528358.278,8.885605798,583663.901,18.68595858,1227414.284,82.9855066,5451023.33,9.050048404,594465.552,1.101496443,72353.391,2.094610852,137587.551,1.469875994,96550.936,3038762,84.20058446,5530837.481,3.309386411,217381.845,24.30869565,11.0079741,723074.74,4.634753697,304440.517,7.872397016,517109.813,0.15682653,10301.378
Iowa,3093526,1534595,1558931,5.42990303,167975.462,87.40270575,2703825.427,3.089162755,95564.053,0.274238587,8483.642,2.025835826,62669.758,0.05617955,1737.929,2285126,12.52755209,387543.081,15.79318567,488566.305,34.26913716,1060124.668,16.65805308,515321.203,23.29715393,720703.514,9.435676862,291895.117,16.35336095,505895.473,80.62205716,2494064.3,8.795076751,272077.986,1.091435372,33763.837,3.496905893,108177.693,1.528806546,47294.028,1573510,79.75195153,2467147.356,4.480422566,138603.037,19.4040404,13.46989645,416694.749,6.557987714,202873.055,4.954069369,153255.424,0.223245255,6906.15
Kansas,2892987,1439862,1453125,11.1735657,323249.803,77.04388824,2228869.671,5.661216867,163778.268,0.707768476,20475.65,2.57949258,74624.385,0.036079146,1043.765,2053919,13.62508273,394171.872,17.82599293,515703.658,36.3143346,1050568.979,16.8866408,488528.323,22.92446233,663201.715,10.06935351,291305.088,13.81352166,399623.386,82.15348178,2376689.548,9.625363163,278460.505,0.475756027,13763.56,2.359241193,68252.541,1.333645295,38582.185,1401197,77.67877218,2247236.781,4.050355394,117176.255,17.58571429,16.04929044,464303.886,6.085576361,176054.933,5.981066904,173031.488,0.191256511,5533.026
Kentucky,4397353,2164208,2233145,3.272784286,143915.878,85.55111084,3761984.339,7.782590322,342227.969,0.16412469,7217.142,1.24482126,54739.185,0.038420068,1689.466,3297108,18.92116128,832030.253,26.26802258,1155097.679,32.32314322,1421362.708,16.92321522,744173.512,23.76999822,1045250.73,9.946154152,437367.508,17.04979955,749739.872,82.45539212,3625854.659,9.874041361,434196.454,1.016237587,44687.554,2.314162952,101761.914,1.270374177,55862.837,1891381,78.82448541,3466190.874,3.062023085,134647.964,25.26083333,15.4927994,681273.079,5.514740641,242502.613,8.648831422,380319.648,0.163920977,7208.184
Louisiana,4625253,2261156,2364097,4.731063944,218823.677,59.47389161,2750817.956,31.87765791,1474422.329,0.539239064,24941.171,1.671950118,77331.923,0.023712324,1096.755,3410634,19.81447893,916469.781,28.23824952,1306090.483,32.11415553,1485360.942,19.27063054,891315.417,23.81346017,1101432.781,12.30263586,569028.034,12.49739286,578036.038,82.43855845,3812991.898,9.833280342,454814.094,1.316260429,60880.375,1.897971052,87785.963,2.05228674,94923.454,2016049,78.62341251,3636531.746,2.439986223,112855.536,26.5109375,15.73285208,727684.213,5.510717014,254884.604,8.199953711,379268.605,0.131074062,6062.507
Maine,1329100,650081,679019,1.465564292,19478.815,93.86705492,1247587.027,1.097372809,14585.182,0.565422617,7515.032,1.100611692,14628.23,0.002287413,30.402,1048274,13.94377383,185326.698,18.58450824,247006.699,35.1097338,466643.472,18.57124174,246830.374,23.88548574,317461.991,10.89764961,144840.661,11.53874005,153361.394,78.03428508,1037153.683,10.32064525,137171.696,0.61981905,8238.015,3.981786171,52921.92,1.63018283,21666.76,648687,76.89056775,1021952.536,5.414842149,71968.667,23.33125,14.18532578,188537.165,8.809235874,117083.554,6.9083227,91818.517,0.150823941,2004.601
Maryland,5930538,2872643,3057895,8.997103956,533576.669,53.02579643,3144715.007,29.06466939,1723691.263,0.189520462,11239.583,5.974793906,354337.423,0.018755027,1112.274,4182241,10.02140526,594323.247,13.63713004,808755.179,44.25330783,2624459.237,17.30556786,1026313.278,22.63631654,1342455.354,7.854561475,465817.753,7.956787563,471880.31,73.58466065,4363966.262,9.443247122,560035.359,9.042499298,536268.857,2.470085294,146489.347,1.263443215,74928.98,2976504,72.91887766,4324481.749,4.195498081,248815.608,29.96666667,22.21266624,1317330.612,4.747602899,281558.394,7.483886302,443834.721,0.125111938,7419.811
Massachusetts,6705586,3249650,3455936,10.54608298,707176.664,74.28727291,4981396.972,6.475745297,434236.67,0.129387454,8676.187,5.962056485,399790.825,0.008243321,552.763,4850598,11.60956098,778489.096,15.38902091,1031924.032,43.94355971,2946673.188,17.69902641,1186823.437,22.53559401,1511143.637,6.962236321,466858.744,8.845625364,593151.016,71.78749511,4813772.222,7.727871479,518199.068,9.489038482,636295.636,4.723897807,316765.03,1.719183648,115281.338,3415975,81.3531208,5455203.479,4.54312333,304643.042,24.92142857,12.47638843,836614.956,6.055642892,406066.342,7.619011582,510899.374,0.126727925,8497.85
Michigan,9900571,4861973,5038598,4.703014553,465625.295,75.8829512,7512845.46,13.80002068,1366280.845,0.482388501,47759.216,2.716774931,268976.231,0.00588356,582.506,7380136,16.72348231,1655720.24,23.3935141,2316091.473,34.34160041,3400014.531,18.37921405,1819647.136,23.72200381,2348613.83,7.863042061,778486.062,15.67550404,1551964.407,82.53959292,8171891,8.934669758,884583.323,1.439822319,142550.631,2.207501557,218555.259,1.292379238,127952.924,4373518,83.63855464,8280694.486,3.612932729,357700.97,22.89156627,11.15630318,1104537.717,5.044340473,499418.51,10.0078061,990829.948,0.166072947,16442.17
Minnesota,5419171,2692166,2727005,4.9891345,270369.73,81.70496991,4427732.035,5.426245767,294057.537,0.955411409,51775.378,4.415233031,239269.028,0.010411537,564.219,3950807,11.30764276,612780.497,14.74337959,798968.951,39.22592402,2125719.899,16.66532195,903122.294,23.05593595,1249440.595,8.011562137,434160.252,13.04456501,706907.284,78.02965258,4228560.304,8.788322605,476254.23,3.453321403,187141.392,2.846846722,154275.492,1.650145382,89424.2,2827195,82.1602275,4452403.222,5.214297131,282571.678,21.15747126,11.98331787,649396.487,5.690779752,308393.086,5.611209408,304081.033,0.156089538,8458.759
Mississippi,2988081,1451723,1536358,2.898758902,86617.264,57.37645743,1714455.023,37.2330487,1112553.654,0.402280527,12020.468,0.958991707,28655.449,0.006270078,187.355,2210424,22.62380762,676017.697,31.80307907,950301.763,30.71947902,917922.916,17.90852142,535121.126,23.44213497,700469.981,11.25729135,336376.984,16.68013327,498415.893,84.29072073,2518675.011,10.082382,301269.741,0.407857351,12187.108,1.535244861,45874.36,1.473587831,44031.998,1203914,75.71596894,2262454.482,2.203473333,65841.568,26.11097561,18.64754429,557203.728,5.48927596,164024.012,10.50852581,314003.263,0.14614982,4367.075
Missouri,6045448,2964003,3081445,3.86160541,233451.347,80.23158687,4850358.864,11.4421276,691727.874,0.372461131,22516.944,1.751236484,105870.091,0.08410925,5084.781,4525035,15.67304855,947506,21.91793503,1325037.365,34.69556043,2097502.064,18.1774404,1098907.707,24.59894666,1487116.529,8.997488292,543938.476,13.52359211,817561.729,81.47424982,4925483.406,9.464620604,572178.717,1.463595088,88480.88,1.974348568,119358.216,1.286310543,77763.235,2807996,81.051795,4899944.12,4.316925048,260977.459,23.50782609,12.92567416,781414.91,5.817585446,351699.103,7.538242377,455720.523,0.193245066,11682.53
Montana,1014699,510163,504536,3.318329376,33671.055,86.98490922,882635.004,0.450962699,4575.914,6.254190947,63461.213,0.672098228,6819.774,0.074668744,757.663,781250,15.20213393,154255.901,19.1792772,194611.934,35.73967472,362650.122,19.25937485,195424.684,22.58321808,229151.688,12.89474623,130842.861,9.535405869,96755.668,75.03369492,761366.152,10.48563032,106397.586,0.817291827,8293.052,4.917203624,49894.816,2.383224483,24182.555,485446,71.68234304,727360.018,6.359864551,64533.482,17.83928571,18.49457849,187664.303,9.296582435,94332.329,6.338819394,64319.937,0.516338047,5239.277
Nebraska,1869365,929606,939759,9.957383657,186139.845,80.76913449,1509869.931,4.576359833,85548.869,0.693033463,12955.325,2.013419905,37638.167,0.051518564,963.07,1333860,12.74901108,238325.551,17.05157104,318756.101,35.5951583,665403.431,16.69310766,312055.112,23.99644542,448581.152,10.22717998,191183.323,13.49045858,252185.911,81.17436857,1517445.235,9.56226034,178753.548,0.722382948,13503.974,2.839617838,53082.822,1.330409417,24870.208,968134,78.85320518,1474054.219,4.398347567,82221.17,18.0827957,14.14095102,264345.989,6.773773447,126626.55,4.698928192,87840.119,0.194855526,3642.561
Nevada,2798636,1407735,1390901,27.51212083,769964.118,51.99197581,1455066.152,8.060549425,225585.438,0.864960538,24207.097,7.529681173,210728.368,0.63058372,17647.743,1863799,15.4622743,432732.775,22.191353,621055.194,27.66428871,774222.743,27.80275799,778097.994,25.96386558,726634.089,8.790590345,246016.626,9.778632091,273668.318,78.00188299,2182988.778,10.83615047,303264.408,3.611221252,101064.938,2.18266284,61084.788,2.153074784,60256.726,1267312,82.43669802,2307103.108,3.271731872,91563.866,22.7,12.44486268,348286.407,5.081142885,142202.694,10.4957033,293736.531,0.109599533,3067.292
New Hampshire,1324201,653484,670717,3.202194682,42403.494,91.42178295,1210608.164,1.184908258,15690.567,0.162383505,2150.284,2.343312684,31030.17,0.006746785,89.341,1020130,8.927398635,118216.702,11.9950173,158838.139,39.73440807,526163.429,15.83328196,209664.478,24.17433456,320116.78,9.052788134,119877.111,11.19321266,148220.634,81.03343276,1073045.527,7.993382802,105848.455,0.863888337,11439.618,2.891629594,38290.988,1.250273335,16556.132,698810,79.33051674,1050495.496,6.018924091,79702.653,25.33,13.54763212,179397.88,7.015089552,92893.886,5.751852929,76166.094,0.109067883,1444.278
New Jersey,8904413,4343027,4561386,18.95898562,1688186.38,57.2051534,5093783.116,12.71022266,1131770.719,0.094889624,8449.364,8.99557452,801003.107,0.002835673,252.5,6053893,10.83560798,964847.286,15.46867628,1377394.822,40.6516502,3619790.825,16.84043812,1499542.161,24.74944306,2203792.625,7.278506635,648108.291,10.47396503,932645.104,72.00355271,6411493.708,8.145861563,725341.156,10.93829676,973991.119,3.06642549,273047.19,1.870756927,166579.923,4281760,81.21640161,7231843.823,3.994394903,355677.419,30.05714286,13.93075693,1240452.131,4.721191459,420394.386,8.82872761,786146.369,0.136505775,12155.038
New Mexico,2084117,1032414,1051703,47.35391214,986910.933,39.21192889,817222.476,1.806738681,37654.548,8.493681353,177018.257,1.299431126,27081.665,0.048173495,1003.992,1457632,21.04256239,438551.62,29.2105271,608781.561,34.86374599,726601.257,21.09189465,439579.762,23.25691811,484701.384,11.50120411,239698.55,9.31828928,194204.051,79.61893171,1659351.691,10.26148119,213861.274,1.046654195,21813.498,2.256598214,47030.147,1.998748439,41656.256,876035,70.55816017,1470514.611,4.732654549,98634.058,19.90909091,22.52987539,469548.963,6.660408413,138810.704,9.314931887,194134.079,0.205723623,4287.521
New York,19673174,9541801,10131373,18.38867668,3617636.359,56.77309362,11169069.49,14.39095942,2831158.486,0.224290732,44125.106,7.92145361,1558401.352,0.005025463,988.668,13531404,15.67637368,3084040.27,21.98014077,4324191.339,38.69129152,7611805.104,20.58942479,4050593.364,23.75878899,4674107.898,7.363723861,1448678.208,9.570138149,1882749.93,53.21507025,10469093.36,6.771871077,1332241.98,27.98135864,5504821.373,6.292518797,1237938.172,1.86044284,366008.157,9254578,78.27700402,15399571.2,3.876687524,762667.482,25.4016129,15.72655096,3093911.734,5.884538733,1157675.544,8.292972217,1631490.854,0.124761124,24544.473
North Carolina,9845333,4795408,5049925,8.832745657,869613.223,64.23586015,6324234.337,21.1771998,2084965.84,1.101652387,108461.346,2.462461869,242437.571,0.043387593,4271.653,7107998,17.3989063,1712980.264,24.9227743,2453730.123,35.4894408,3494053.627,17.83741606,1756153.01,23.37519903,2301366.184,9.604565138,945601.421,13.68821793,1347650.637,81.29225892,8003493.594,10.03075494,987561.226,1.041152006,102504.882,1.776342202,174886.805,1.310533316,129026.369,4372773,78.81624513,7759721.791,4.537123996,446694.966,24.668,15.2164866,1498113.777,5.823677269,573360.42,9.524880997,937756.252,0.168943691,16633.069
North Dakota,721640,367963,353677,2.845224073,20532.275,87.04373122,628142.382,1.615060557,11654.923,5.213567568,37623.189,1.211845241,8745.16,0.035879524,258.921,546486,11.46924394,82766.652,12.94475722,93414.546,34.97262194,252376.429,17.01532828,122789.415,22.38015049,161504.118,13.25219999,95633.176,12.38243833,89356.628,79.99054958,577243.802,9.203020204,66412.675,0.452493903,3265.377,3.988159886,28780.157,1.178630342,8505.468,387716,74.5108762,537700.287,5.187080539,37432.048,18.13773585,16.8317718,121464.798,8.355253173,60294.849,2.914690566,21033.573,0.31662588,2284.899
Ohio,11575977,5662893,5913084,3.374133967,390588.972,80.26157079,9291060.975,12.04039608,1393793.481,0.146815772,16995.36,1.861417555,215477.268,0.008579984,993.217,8709050,15.78312258,1827050.64,23.02743812,2665650.941,34.80038436,4028484.49,17.66253117,2044610.546,23.84835291,2760679.848,7.766070311,898998.513,15.91028889,1841771.382,83.4446924,9659538.4,7.966126954,922157.024,1.646181035,190561.538,2.305731801,266910.983,1.124251059,130143.044,5366673,82.27946824,9524652.319,3.501823578,405370.292,24.34545455,12.57807473,1456035.038,5.000011628,578800.196,8.194891006,948638.698,0.142610771,16508.59
Oklahoma,3849733,1906944,1942789,9.665467241,372094.682,67.30745382,2591157.261,7.116653726,273972.167,6.939887286,267167.131,1.896046557,72992.73,0.127985941,4927.117,2768561,16.72820637,643991.281,23.19143704,892808.405,32.95112581,1268530.364,17.74488475,683130.684,24.05264687,925962.684,11.79839236,454206.604,13.4275076,516923.191,82.45926598,3174461.574,10.42482385,401327.884,0.453662085,17464.779,1.784744916,68707.914,1.380201666,53134.079,1719541,76.27485158,2936378.132,3.473483148,133719.827,21.93896104,17.19227055,661856.513,6.306245342,242773.608,6.396263559,246239.069,0.224810396,8654.6
Oregon,3939233,1948453,1990780,12.34344526,486237.069,77.24843753,3042995.943,1.759533061,69312.107,0.92343144,36376.116,3.926591903,154677.604,0.364800026,14370.323,2867670,16.51073884,650396.473,21.78668675,858228.354,36.42460905,1434850.22,18.78818511,740110.388,23.4821416,925016.271,9.103676629,358615.034,12.20906877,480943.666,71.81365223,2828907.087,10.43178703,410932.397,4.094094536,161275.923,4.021133911,158401.834,3.387261505,133432.123,1789807,77.63598995,3058262.536,6.259198098,246564.397,19.85833333,14.36448903,565850.692,7.831764483,308511.451,9.430098397,371473.548,0.160932217,6339.495
Pennsylvania,12779559,6245344,6534215,6.379255035,815240.661,78.08611444,9979061.066,10.54595484,1347726.521,0.118571228,15152.88,3.048012377,389522.54,0.002710289,346.363,9710416,13.49220324,1724244.074,19.26994708,2462614.256,36.40647561,4652587.031,17.78536573,2272891.307,23.94529278,3060102.818,8.280980557,1058272.796,13.56518693,1733571.067,76.11878831,9727645.462,8.746726479,1117793.071,5.830623795,745128.008,3.954731036,505397.186,1.411107418,180333.305,6001889,83.79385713,10708485.41,3.955027008,505435.01,25.09104478,10.92117593,1395678.121,5.142888225,657238.435,7.96968332,1018490.382,0.144574386,18475.969
Rhode Island,1053661,510388,543273,13.6286279,143599.537,74.54705527,785473.248,5.357668074,56451.659,0.366660624,3863.36,3.193126537,33644.729,0.059835089,630.459,776565,14.2313132,149949.797,20.02703071,211017.012,36.77966974,387533.036,20.21913357,213041.125,24.41725451,257275.088,7.228794176,76166.985,11.355148,119644.766,79.78489808,840662.355,8.534816132,89928.029,2.965947776,31251.035,3.736323542,39368.184,1.514216147,15954.705,518170,82.42161331,868444.395,3.452809775,36380.91,24.4,12.63660551,133146.984,4.892281958,51548.067,8.594585545,90557.796,0.114001467,1201.189
South Carolina,4777576,2322409,2455167,5.326855209,254494.556,63.86271553,3051089.77,27.29734604,1304151.453,0.294206811,14055.954,1.391437645,66476.991,0.053653882,2563.355,3566508,17.93683952,856946.14,26.37099339,1259894.251,32.7261964,1563518.905,18.31756169,875135.431,24.7405675,1181999.415,9.228546506,440900.823,15.00090644,716679.706,82.84192907,3957836.121,9.364050493,447374.629,0.595742611,28462.056,2.165328652,103450.222,1.577539279,75368.138,2075274,78.70644448,3760260.202,3.48597184,166544.954,25.86304348,15.8192695,755777.623,5.331351066,254709.349,9.597324668,458519.48,0.149386802,7137.068
South Dakota,843190,423477,419713,3.312587792,27931.409,83.21605214,701669.43,1.508910091,12722.979,8.292505604,69921.578,1.209726989,10200.297,0.035044533,295.492,621770,14.13996003,119226.729,17.68457939,149114.605,34.96643022,294833.443,17.51147215,147654.982,23.7487622,200247.188,11.04624865,93140.864,12.73557075,107385.059,78.59351937,662692.696,9.447684745,79661.933,0.544100025,4587.797,4.101368612,34582.33,1.520919959,12824.245,430853,74.6562662,629494.171,5.811310262,49000.387,16.84393939,16.59514344,139928.59,8.474125405,71452.978,4.812670335,40579.955,0.284320734,2397.364
Tennessee,6499615,3167756,3331859,4.927205442,320249.384,74.72581064,4856889.997,16.68298415,1084329.74,0.216005686,14039.538,1.565234233,101734.199,0.036715067,2386.338,4828366,17.66818602,1148364.069,25.76796418,1674818.465,33.26395814,2162029.213,17.07263101,1109655.286,24.7095472,1606025.436,9.047072711,588024.895,15.90346891,1033664.251,83.86016799,5450588.058,9.267402808,602345.503,0.76333969,49614.141,1.321141698,85869.124,1.212713753,78821.725,2888742,78.71046825,5115877.401,3.556347691,231148.908,26.38526316,14.22881746,924818.354,6.903709804,448714.558,8.550853027,555772.526,0.159833806,10388.582
Texas,26538614,13171316,13367298,38.41510924,10194837.56,43.84670366,11636307.44,11.58247858,3073829.282,0.257377228,68304.349,4.17671641,1108442.646,0.073691573,19556.722,16864962,17.28142213,4586249.912,24.44167318,6486481.301,34.59705912,9181579.976,17.91016971,4753110.806,24.38892604,6472482.941,11.04095114,2930115.405,12.07331107,3204089.422,80.2429645,21295370.61,10.84197334,2877309.454,1.513875416,401761.553,1.623268303,430792.909,1.735827127,460664.461,12094262,79.04882132,20978461.56,4.034676849,1070747.315,22.41023622,14.11353565,3745536.747,6.675809735,1771667.377,7.081712994,1879388.476,0.14821144,39333.262
Utah,2903379,1459229,1444150,13.41540956,389500.184,79.48068712,2307625.579,1.010878635,29349.638,0.932611071,27077.234,2.166057721,62888.865,0.88474877,25687.61,1868008,12.34625676,358458.626,14.52268708,421648.647,36.71201896,1065889.049,15.68436677,455376.611,26.104467,757911.613,8.963772659,260252.293,12.51796979,363444.106,75.92484416,2204385.981,11.96823084,347483.101,2.44507913,70989.914,2.569182769,74593.113,1.977197328,57405.532,1337646,79.90599942,2319974.007,5.101344812,148111.374,19.95862069,15.37555638,446410.675,4.5546465,132238.65,5.787328316,168028.075,0.152642662,4431.795
Vermont,626604,308573,318031,1.707774607,10700.984,93.60554928,586536.116,1.070457897,6707.532,0.311539665,1952.12,1.381541452,8656.794,0.021856069,136.951,493124,11.5288174,72240.031,15.08210736,94505.088,40.15832408,251633.665,17.4131643,109111.584,21.37001854,133905.391,10.23697567,64145.299,10.84217672,67937.513,75.3705736,472275.029,9.444611908,59180.316,1.151327952,7214.267,5.690334087,35655.861,1.587117222,9944.94,326732,75.83013386,475154.652,6.690763385,41924.591,24.02142857,14.58772526,91407.27,9.354858092,58617.915,5.50499534,34494.521,0.228142495,1429.55
Virginia,8256630,4060948,4195682,8.591601804,709376.772,63.4386507,5237894.665,18.90565696,1560970.144,0.20217762,16693.058,5.921403418,488908.371,0.067576348,5579.529,5948625,11.65956832,962687.416,16.01316239,1322147.57,41.64864859,3438774.814,17.13879867,1415087.193,22.71381661,1875395.796,8.625432955,712170.085,9.8910521,816667.575,78.07897553,6446692.117,9.489978211,783552.388,4.098447696,338393.662,2.298581661,189785.383,1.556761185,128536.011,3990770,74.47112264,6148805.053,4.493567024,371017.203,27.3481203,20.38517029,1683128.086,5.008295164,413516.401,6.596541664,544652.038,0.119670846,9880.779
Washington,6985464,3487725,3497739,11.9714366,836260.394,70.76497584,4943261.912,3.482617619,243277,1.167582926,81561.085,7.597591355,530727.009,0.606643539,42376.866,4937212,13.28387931,927940.607,17.22554974,1203284.576,38.26241572,2672807.276,17.67612197,1234759.137,22.622395,1580279.259,9.936717776,694125.843,11.50121498,803413.232,73.02471697,5101115.315,10.32710355,721396.101,5.659967641,395375.002,3.432332068,239764.321,2.092520067,146172.236,3259877,77.25831709,5396851.927,5.452135062,380856.932,22.87179487,16.49883561,1152520.222,6.061257248,423406.943,7.938559944,554545.247,0.184085696,12859.24
West Virginia,1851420,913631,937789,1.36869619,25340.315,92.54487971,1713394.412,3.26459712,60441.404,0.140042346,2592.772,0.719256247,13316.454,0.019766179,365.955,1455848,18.01896669,333606.753,25.03757678,463550.704,31.65423799,586052.893,18.90970266,350098.017,24.06117083,445473.329,12.30313457,227782.694,13.07089796,241997.219,82.37469008,1525101.487,10.12885547,187527.656,0.766422152,14189.693,2.781299219,51493.53,1.086403895,20113.899,751252,76.39173186,1414331.802,2.86606448,53062.891,27.96545455,19.05199252,352732.4,4.43432117,82097.909,7.872104655,145745.72,0.110466561,2045.2
Wisconsin,5742117,2851385,2890732,6.347727885,364493.962,82.37679854,4730172.153,6.166635441,354095.422,0.803975241,46165.199,2.498064529,143441.788,0.007134024,409.644,4294321,12.96872067,744679.114,17.5847706,1009738.102,34.27399971,1968053.164,17.12986588,983616.941,23.02815624,1322303.674,8.577796743,492547.125,16.97852301,974926.656,80.52717992,4623964.888,8.496623127,487886.041,1.912454936,109815.4,3.315948665,190405.652,1.680719132,96508.859,2883390,82.28457121,4724876.352,4.078223589,234176.37,22.26111111,12.35408232,709385.861,5.168772859,296796.985,6.356414942,364992.783,0.179305507,10295.932
Wyoming,579679,295561,284118,9.621549168,55774.1,84.47483625,489682.886,1.024493211,5938.772,1.903506768,11034.229,0.893260235,5178.042,0.070038073,405.996,430026,11.55880565,67003.969,14.74021277,85445.918,32.55650317,188723.212,17.68619891,102523.181,21.26784444,123285.228,16.05155923,93047.518,12.45448567,72196.038,76.84378423,445447.28,11.21511837,65011.686,1.556640486,9023.518,3.791982977,21981.329,2.107282306,12215.473,293949,72.05265638,417674.118,4.481381075,25977.625,19.86086957,21.27897785,123349.766,6.420345053,37217.392,4.876005513,28265.18,0.243034852,1408.822
